valid,n_diffs,mean_abs_diff,std_diff,max_diff,temporal_consistency,dataset,video_id,label_name,label
True,15,0.022749099880456924,0.06920319050550461,0.8549019694328308,-0.35815842861752406,preprocessed_DFD01_16,20_14__podium_speech_happy__B014BKVO,fake,1
True,15,0.12162527441978455,0.20755267143249512,0.9921568632125854,-0.30543948293337436,preprocessed_DFD01_16,01_20__outside_talking_pan_laughing__OTGHOG4Z,fake,1
True,15,0.018078472465276718,0.06633633375167847,0.9882352948188782,-0.21165430378414182,preprocessed_DFD01_16,26_20__exit_phone_room__XWMKFMF6,fake,1
True,15,0.023663368076086044,0.061089757829904556,0.8901960849761963,-0.34489127463723507,preprocessed_DFD01_16,22_24__kitchen_still__7E3GY85F,fake,1
True,15,0.14419914782047272,0.2451779544353485,1.0,-0.24474074309257648,preprocessed_DFD01_16,13_12__kitchen_pan__Q442U52P,fake,1
True,15,0.07338860630989075,0.09982949495315552,0.541176438331604,-0.43039556616522956,preprocessed_DFDC02_16,bmjjhpgnra,fake,1
True,15,0.024517852813005447,0.08492137491703033,0.9176470637321472,-0.3156257395310281,preprocessed_DFD01_16,22_10__walk_down_hall_angry__G48B2EQ2,fake,1
True,15,0.02211032435297966,0.07807742059230804,0.8470588326454163,-0.537362417741324,preprocessed_DFD01_16,06_12__podium_speech_happy__3K21NFNM,fake,1
True,15,0.024411462247371674,0.08329875022172928,1.0,-0.18949636192168176,preprocessed_DFD01_16,09_26__exit_phone_room__XXGYLT82,fake,1
True,15,0.13608737289905548,0.22901275753974915,1.0,-0.3298025576328751,preprocessed_DFD01_16,27_14__kitchen_pan__0KSONKQ2,fake,1
True,15,0.04119274765253067,0.0670602098107338,0.3686274588108063,-0.4203832189838878,preprocessed_DFDC02_16,cczdxtweqv,real,0
True,15,0.015379506163299084,0.036544233560562134,0.6627451181411743,-0.41213218823218284,preprocessed_DFD01_16,22_19__talking_against_wall__VK6BF5NV,fake,1
True,15,0.15406401455402374,0.22924812138080597,0.9686274528503418,-0.44390675808773816,preprocessed_DFD01_16,13_09__walking_down_indoor_hall_disgust__3GQ49P2J,fake,1
True,15,0.0191310066729784,0.06504566222429276,0.9215686321258545,-0.29448654551672154,preprocessed_DFD01_16,26_12__walking_down_street_outside_angry__OVOQACG8,fake,1
True,15,0.016095569357275963,0.05437685549259186,0.6980392336845398,-0.39475665971582086,preprocessed_DFD01_16,26_20__podium_speech_happy__XWMKFMF6,fake,1
True,15,0.037491243332624435,0.0864599198102951,0.9254902005195618,-0.353193456433594,preprocessed_DFD01_16,01_09__talking_angry_couch__O8HNNX43,fake,1
True,15,0.02514282986521721,0.08495055139064789,1.0,-0.21739102167671137,preprocessed_DFD01_16,09_21__exit_phone_room__JEELOMN2,fake,1
True,15,0.07382583618164062,0.1125488206744194,0.9725490212440491,-0.4761784193084496,preprocessed_DFDC02_16,dkbmrryekj,fake,1
True,15,0.11757280677556992,0.1948484480381012,0.9647058844566345,-0.3221548669839775,preprocessed_DFD01_16,03_11__outside_talking_pan_laughing__P08VGHTA,fake,1
True,15,0.0998058095574379,0.1511128842830658,0.7960784435272217,-0.46737529584607607,preprocessed_DFDC02_16,bgdokxsepy,fake,1
True,15,0.018121134489774704,0.061087705194950104,0.8352941274642944,-0.3533167262269252,preprocessed_DFD01_16,14_26__secret_conversation__ILLP29ZH,fake,1
True,15,0.07208085805177689,0.11187199503183365,0.7137255072593689,-0.4021251836512147,preprocessed_DFDC02_16,aymlynzeni,fake,1
True,15,0.055061109364032745,0.09814828634262085,0.615686297416687,-0.3487968865227758,preprocessed_DFDC02_16,uyddeofvvz,real,0
True,15,0.023464348167181015,0.0694534108042717,0.9921568632125854,-0.2732487249969374,preprocessed_DFD01_16,19_10__walking_down_street_outside_angry__QNZIMEJH,fake,1
True,15,0.13803820312023163,0.19542129337787628,0.9137254953384399,-0.4934808336957023,preprocessed_DFDC02_16,hzlfdbtbau,real,0
True,15,0.023083901032805443,0.0661928728222847,0.729411780834198,-0.3637391682652874,preprocessed_DFD01_16,25_20__talking_against_wall__CYKLS79C,fake,1
True,15,0.15569347143173218,0.2239970713853836,0.8588235378265381,-0.5051236550363246,preprocessed_DFDC02_16,jnppybytup,real,0
True,15,0.11105699092149734,0.15155430138111115,0.7411764860153198,-0.460371477915504,preprocessed_DFDC02_16,oeibgzoqus,real,0
True,15,0.05180060863494873,0.10395876318216324,0.9960784316062927,-0.39252383686227477,preprocessed_DFD01_16,02_01__talking_angry_couch__YVGY8LOK,fake,1
True,15,0.012852508574724197,0.031171483919024467,0.6274510025978088,-0.3854329091432903,preprocessed_DFD01_16,05_08__talking_against_wall__BGI70HJ5,fake,1
True,15,0.02719280868768692,0.042205289006233215,0.5098039507865906,-0.3674654569616462,preprocessed_DFDC02_16,gevbsktxjk,real,0
True,15,0.03319648280739784,0.06653707474470139,0.8313725590705872,-0.11684355507253251,preprocessed_DFDC02_16,cxdlxvgysz,fake,1
True,15,0.04541780799627304,0.06617827713489532,0.5058823823928833,-0.3631787911315576,preprocessed_DFDC02_16,avjkwuusto,real,0
True,15,0.01852043718099594,0.07457124441862106,1.0,-0.14854924796010302,preprocessed_DFD01_16,26__walk_down_hall_angry,real,0
True,15,0.02211659774184227,0.05487528815865517,0.8588235378265381,-0.36500870801004,preprocessed_DFD01_16,13_09__walking_down_street_outside_angry__B41GFUV2,fake,1
True,15,0.043163612484931946,0.0847393125295639,0.501960813999176,-0.3663406923337834,preprocessed_DFDC02_16,uxlsxewlrd,real,0
True,15,0.028734508901834488,0.0911003053188324,0.9019607901573181,-0.2677346541619512,preprocessed_DFD01_16,04_11__exit_phone_room__60BU0X0I,fake,1
True,15,0.059378448873758316,0.11866198480129242,1.0,-0.48780710242585507,preprocessed_DFD01_16,02_25__talking_angry_couch__Z7FQ69VP,fake,1
True,15,0.02724333666265011,0.09154363721609116,0.8666666746139526,-0.3762519726321504,preprocessed_DFD01_16,12_15__podium_speech_happy__N0SRODQD,fake,1
True,15,0.020120596513152122,0.06551390141248703,0.7333333492279053,-0.5563606826839916,preprocessed_DFD01_16,17__podium_speech_happy,real,0
True,15,0.13712407648563385,0.18642956018447876,0.9333333373069763,-0.3878520216946427,preprocessed_DFDC02_16,eempsqftgk,fake,1
True,15,0.016671812161803246,0.04964965581893921,0.6745098233222961,-0.4192957872582948,preprocessed_DFD01_16,06_18__talking_against_wall__DEA1TCLN,fake,1
True,15,0.05055733770132065,0.08204315602779388,0.8156862854957581,-0.47082300655205617,preprocessed_DFDC02_16,bauutjqiow,fake,1
True,15,0.10270271450281143,0.15777693688869476,0.8235294222831726,-0.3797658885022894,preprocessed_DFDC02_16,aqshzvyucn,real,0
True,15,0.02859777957201004,0.05588578060269356,0.3921568989753723,-0.3041130706120148,preprocessed_DFDC02_16,pwvnzblmuf,real,0
True,15,0.020843731239438057,0.06249817833304405,0.9176470637321472,-0.3888415172914859,preprocessed_DFD01_16,15_03__talking_against_wall__Q14RO7M7,fake,1
True,15,0.06204042211174965,0.09838873147964478,0.5490196347236633,-0.5007187532483438,preprocessed_DFDC02_16,xxmdknsonl,real,0
True,15,0.014287943951785564,0.027612989768385887,0.8196078538894653,-0.14141592336826156,preprocessed_DFDC02_16,cpxedkyytp,fake,1
True,15,0.02476327121257782,0.08401850610971451,0.8980392217636108,-0.4383007265249238,preprocessed_DFD01_16,11_18__secret_conversation__JJ1YREUN,fake,1
True,15,0.07453038543462753,0.11678952723741531,0.8509804010391235,-0.28825695458414696,preprocessed_DFDC02_16,ajqqjqkpsr,fake,1
True,15,0.028101971372961998,0.07208991795778275,0.8745098114013672,-0.4451621381173793,preprocessed_DFD01_16,19__outside_talking_still_laughing,real,0
True,15,0.11453339457511902,0.19014863669872284,0.9921568632125854,-0.26855633271015844,preprocessed_DFD01_16,16_28__kitchen_pan__6DWLCU6T,fake,1
True,15,0.009270686656236649,0.017549317330121994,0.3607843220233917,-0.15571308461359057,preprocessed_DFDC02_16,arvqnhhwpm,real,0
True,15,0.09633021801710129,0.15783283114433289,0.9254902005195618,-0.4595561970995102,preprocessed_DFDC02_16,bciuzbjoxq,fake,1
True,15,0.12429972738027573,0.2100040167570114,0.9333333373069763,-0.43739078524415864,preprocessed_DFD01_16,02_27__outside_talking_pan_laughing__QW05XUUZ,fake,1
True,15,0.07994163781404495,0.15763191878795624,0.9647058844566345,-0.3993184400474345,preprocessed_DFD01_16,15_02__hugging_happy__MZWH8ATN,fake,1
True,15,0.12921957671642303,0.20522604882717133,0.9333333373069763,-0.36472585034278293,preprocessed_DFD01_16,11_06__outside_talking_pan_laughing__C8C4FW99,fake,1
True,15,0.04390474781394005,0.07838371396064758,0.6000000238418579,-0.4214052029088981,preprocessed_DFDC02_16,uzlkfyluxj,real,0
True,15,0.08427302539348602,0.13676472008228302,0.8196078538894653,-0.4293421696627949,preprocessed_DFDC02_16,edmrdlwfbp,fake,1
True,15,0.10907445847988129,0.14612150192260742,0.658823549747467,-0.5126960763019994,preprocessed_DFDC02_16,almnilnfyu,real,0
True,15,0.08929742872714996,0.14641664922237396,0.6941176652908325,-0.3990330516549672,preprocessed_DFDC02_16,rfukeoxpqu,real,0
True,15,0.06453783810138702,0.10378600656986237,0.6705882549285889,-0.27711758229210803,preprocessed_DFDC02_16,cjfcqpeycp,fake,1
True,15,0.01757492870092392,0.06785278767347336,0.9921568632125854,-0.23993266142259878,preprocessed_DFD01_16,06_18__walk_down_hall_angry__OWJY9LQU,fake,1
True,15,0.10918793827295303,0.18084393441677094,0.9764705896377563,-0.2362700739298389,preprocessed_DFD01_16,25_27__outside_talking_pan_laughing__GNIMW95Z,fake,1
True,15,0.10314296185970306,0.13981899619102478,0.9215686321258545,-0.39301702912555464,preprocessed_DFDC02_16,ahjnxtiamx,fake,1
True,15,0.012230810709297657,0.04749731719493866,0.8235294222831726,-0.22267665313943383,preprocessed_DFD01_16,20_21__secret_conversation__ZCB5OMEW,fake,1
True,15,0.04570034518837929,0.10337328910827637,1.0,-0.44923462551324744,preprocessed_DFD01_16,24_23__talking_angry_couch__YR5OVD4S,fake,1
True,15,0.08599748462438583,0.12181064486503601,0.6901960968971252,-0.6328210594416105,preprocessed_DFDC02_16,cktnvixgub,fake,1
True,15,0.0833502858877182,0.12246770411729813,0.7568627595901489,-0.41438540597857304,preprocessed_DFDC02_16,iofoynuaqe,real,0
True,15,0.06808732450008392,0.11434086412191391,0.7647058963775635,-0.31879354440526403,preprocessed_DFDC02_16,btdjfsvmvz,fake,1
True,15,0.10485249012708664,0.15305699408054352,0.7529411911964417,-0.3453981110265639,preprocessed_DFDC02_16,rhlbxcznio,real,0
True,15,0.11581671983003616,0.17680418491363525,0.8117647171020508,-0.5016813777823749,preprocessed_DFDC02_16,cibkroqtxz,fake,1
True,15,0.08316215872764587,0.129051074385643,0.7529411911964417,-0.4187404352618621,preprocessed_DFDC02_16,bseaalaspv,fake,1
True,15,0.13769173622131348,0.18525803089141846,0.95686274766922,-0.4361822061397903,preprocessed_DFDC02_16,dkmymeoyyy,fake,1
True,15,0.08891553431749344,0.11986872553825378,0.6352941393852234,-0.5008096087298821,preprocessed_DFDC02_16,aawhvztjdt,fake,1
True,15,0.1348859816789627,0.22525712847709656,1.0,-0.2668032755929285,preprocessed_DFD01_16,24_22__kitchen_pan__XL557XC6,fake,1
True,15,0.015277516096830368,0.06437601149082184,1.0,-0.24095400484003307,preprocessed_DFD01_16,23_22__walk_down_hall_angry__J671JKCH,fake,1
True,15,0.025060512125492096,0.0631975308060646,0.8745098114013672,-0.43851288711287434,preprocessed_DFD01_16,13_09__walking_down_street_outside_angry__NDMHWBT1,fake,1
True,15,0.028530025854706764,0.07605941593647003,0.7058823704719543,-0.442099693503936,preprocessed_DFD01_16,25__talking_against_wall,real,0
True,15,0.054509155452251434,0.08019515872001648,0.8549019694328308,-0.38411929272759826,preprocessed_DFDC02_16,hbufmvbium,real,0
True,15,0.057157743722200394,0.08741744607686996,0.5333333611488342,-0.31036341901807535,preprocessed_DFDC02_16,cuxqfnwzus,fake,1
True,15,0.014693192206323147,0.04536646604537964,0.7333333492279053,-0.3846958966627752,preprocessed_DFD01_16,21_04__talking_against_wall__NRI4PHWP,fake,1
True,15,0.044470809400081635,0.11053460836410522,0.9058823585510254,-0.3915520280358556,preprocessed_DFD01_16,18_27__walking_outside_cafe_disgusted__NYHE8D0J,fake,1
True,15,0.033584315329790115,0.0850990042090416,0.8549019694328308,-0.43798506026383033,preprocessed_DFD01_16,13_09__outside_talking_still_laughing__30N46VHZ,fake,1
True,15,0.03807767480611801,0.06385744363069534,0.5529412031173706,-0.27478457656314376,preprocessed_DFDC02_16,blplivuqcr,fake,1
True,15,0.03174244984984398,0.06959839165210724,0.843137264251709,-0.300165843428801,preprocessed_DFD01_16,10_19__talking_angry_couch__QNZIMEJH,fake,1
True,15,0.06005169451236725,0.1285567432641983,0.9764705896377563,-0.41723310359129556,preprocessed_DFD01_16,14__talking_angry_couch,real,0
True,15,0.06317181885242462,0.09535707533359528,0.7137255072593689,-0.4842172106499079,preprocessed_DFDC02_16,aolttdkcxv,fake,1
True,15,0.06276775151491165,0.09628856182098389,0.6117647290229797,-0.3755517339421849,preprocessed_DFDC02_16,dlmbhowqxi,fake,1
True,15,0.04242739826440811,0.07369409501552582,0.6235294342041016,-0.12609926882394593,preprocessed_DFDC02_16,vzysajdfrb,real,0
True,15,0.01959303952753544,0.0663672387599945,0.8901960849761963,-0.387018967108067,preprocessed_DFD01_16,20_03__secret_conversation__Z6V05FXO,fake,1
True,15,0.06220509484410286,0.09238683432340622,0.4784314036369324,-0.3171419913040863,preprocessed_DFDC02_16,sxhwdvetbh,real,0
True,15,0.12199736386537552,0.19376401603221893,0.9607843160629272,-0.27855552047791915,preprocessed_DFD01_16,15_25__outside_talking_pan_laughing__BXVA6VQB,fake,1
True,15,0.15175659954547882,0.23127363622188568,0.9764705896377563,-0.38166746638218957,preprocessed_DFD01_16,21_11__walking_down_indoor_hall_disgust__T7DK03O1,fake,1
True,15,0.05761073902249336,0.12594105303287506,1.0,-0.4318942838031168,preprocessed_DFD01_16,06_18__talking_angry_couch__H9445M6R,fake,1
True,15,0.05717189610004425,0.11405742913484573,1.0,-0.44252521532365596,preprocessed_DFD01_16,02_06__talking_angry_couch__J1W9R0NG,fake,1
True,15,0.02559419721364975,0.07523740828037262,0.8784313797950745,-0.2996585473615867,preprocessed_DFD01_16,18__walking_down_street_outside_angry,real,0
True,15,0.026440707966685295,0.09042121469974518,0.9411764740943909,-0.518703415475407,preprocessed_DFD01_16,03_06__podium_speech_happy__83ABVHC3,fake,1
True,15,0.04557705670595169,0.0643240362405777,0.3764705955982208,-0.29948345213322014,preprocessed_DFDC02_16,aspjhkusgd,fake,1
True,15,0.05489903315901756,0.09998416155576706,0.7529411911964417,-0.2985686939999808,preprocessed_DFDC02_16,gvycszbsqv,real,0
True,15,0.02532978542149067,0.08521590381860733,1.0,-0.19093122949947228,preprocessed_DFD01_16,09_13__exit_phone_room__YP7MGDQ6,fake,1
True,15,0.1343347430229187,0.232186958193779,1.0,-0.272478876093438,preprocessed_DFD01_16,26_04__kitchen_pan__MS2MLJP1,fake,1
True,15,0.08448264747858047,0.13794051110744476,0.8588235378265381,-0.29035384290911337,preprocessed_DFDC02_16,mzbsxfndjp,real,0
True,15,0.03801720589399338,0.09325556457042694,1.0,-0.4134702286406243,preprocessed_DFD01_16,09_20__talking_angry_couch__0IRM5ADD,fake,1
True,15,0.10795975476503372,0.18255466222763062,0.9098039269447327,-0.3092152457225098,preprocessed_DFD01_16,26_04__outside_talking_pan_laughing__MS2MLJP1,fake,1
True,15,0.12438603490591049,0.21016767621040344,1.0,-0.34363408806131723,preprocessed_DFD01_16,01_20__outside_talking_pan_laughing__6UBMLXK3,fake,1
True,15,0.05460548773407936,0.1348821520805359,0.9176470637321472,-0.4868449432256355,preprocessed_DFD01_16,11__outside_talking_still_laughing,real,0
True,15,0.16100814938545227,0.23830407857894897,0.9843137264251709,-0.4882098142062832,preprocessed_DFD01_16,15_12__walking_down_indoor_hall_disgust__RK17XFJ9,fake,1
True,15,0.12550731003284454,0.20968669652938843,0.9803921580314636,-0.1989791331745938,preprocessed_DFD01_16,10_22__kitchen_pan__EHARPYBT,fake,1
True,15,0.028431912884116173,0.07290991395711899,0.8666666746139526,-0.35801438536728464,preprocessed_DFD01_16,13_03__walking_outside_cafe_disgusted__GBYWJW06,fake,1
True,15,0.025351006537675858,0.07963942736387253,0.772549033164978,-0.4311371814165876,preprocessed_DFD01_16,24_23__podium_speech_happy__YR5OVD4S,fake,1
True,15,0.04075950011610985,0.06808672100305557,0.3803921937942505,-0.33656125694179545,preprocessed_DFDC02_16,fvcqerfgfa,real,0
True,15,0.023390160873532295,0.06890986114740372,0.8392156958580017,-0.3014431454030258,preprocessed_DFD01_16,18__secret_conversation,real,0
True,15,0.014300264418125153,0.04098133370280266,0.8392156958580017,-0.3443836752762871,preprocessed_DFD01_16,23_10__talking_against_wall__W02WYPCX,fake,1
True,15,0.03592045232653618,0.06405823677778244,0.9019607901573181,-0.2872849746516922,preprocessed_DFDC02_16,emnttneegx,fake,1
True,15,0.04285632446408272,0.10742722451686859,0.8901960849761963,-0.3615579728865058,preprocessed_DFD01_16,18_11__walking_outside_cafe_disgusted__TRJUIS24,fake,1
True,15,0.10842708498239517,0.14963020384311676,0.7764706015586853,-0.3869584491481121,preprocessed_DFDC02_16,wtbtcunklv,real,0
True,15,0.08516424149274826,0.12882165610790253,0.6235294342041016,-0.48589425358538446,preprocessed_DFDC02_16,aralaxkuwf,fake,1
True,15,0.05465278401970863,0.08064869791269302,0.7058823704719543,-0.3756935101254501,preprocessed_DFDC02_16,axbffpjqpj,fake,1
True,15,0.046688489615917206,0.06834960728883743,0.48235297203063965,-0.3566669873947198,preprocessed_DFDC02_16,erzyucrekk,fake,1
True,15,0.06722552329301834,0.09981907904148102,0.5568627715110779,-0.38569507517875984,preprocessed_DFDC02_16,nkqahghhxx,real,0
True,15,0.1239318922162056,0.20965871214866638,0.9254902005195618,-0.44130468361657404,preprocessed_DFD01_16,02_18__outside_talking_pan_laughing__OXMEEFUQ,fake,1
True,15,0.10365522652864456,0.14717760682106018,0.7490196228027344,-0.4665560720483268,preprocessed_DFDC02_16,qoihghfryp,real,0
True,15,0.06564348191022873,0.09490878134965897,0.4784314036369324,-0.38628780869847235,preprocessed_DFDC02_16,bycktzkuax,fake,1
True,15,0.05089006572961807,0.07559086382389069,0.45098042488098145,-0.46694759115751994,preprocessed_DFDC02_16,agsbrbnbfh,fake,1
True,15,0.07089893519878387,0.10434785485267639,0.5803921222686768,-0.4656227816141529,preprocessed_DFDC02_16,cwosvnnasn,fake,1
True,15,0.12480167299509048,0.20898956060409546,0.9686274528503418,-0.20392824061862716,preprocessed_DFD01_16,10_22__kitchen_pan__PUJR4HJ1,fake,1
True,15,0.028717046603560448,0.08089965581893921,0.8117647171020508,-0.5257754704214088,preprocessed_DFD01_16,18_14__podium_speech_happy__0YRBHIKG,fake,1
True,15,0.02091505192220211,0.06174887344241142,0.8588235378265381,-0.44352822029347416,preprocessed_DFD01_16,02_07__podium_speech_happy__0IYV5DQ5,fake,1
True,15,0.052603814750909805,0.09527770429849625,0.6823529601097107,-0.3580857149457583,preprocessed_DFDC02_16,uulabkvfns,real,0
True,15,0.0341002456843853,0.07577187567949295,0.6509804129600525,-0.11656664151043634,preprocessed_DFDC02_16,uqguyibemu,real,0
True,15,0.028630806133151054,0.05575376749038696,0.3686274588108063,-0.5133497560030189,preprocessed_DFDC02_16,avxtaltkzj,fake,1
True,15,0.08512189984321594,0.12704585492610931,0.6392157077789307,-0.45048098018086163,preprocessed_DFDC02_16,whbxafllos,real,0
True,15,0.12071013450622559,0.18910221755504608,0.929411768913269,-0.36253480923907594,preprocessed_DFD01_16,05_08__outside_talking_pan_laughing__FBICSP2C,fake,1
True,15,0.08386789262294769,0.12343239039182663,0.7372549176216125,-0.38360765097367,preprocessed_DFDC02_16,flbrvohbvv,real,0
True,15,0.01563151180744171,0.0483473464846611,0.843137264251709,-0.4398327583225888,preprocessed_DFD01_16,07_12__podium_speech_happy__KAG65PEE,fake,1
True,15,0.08729426562786102,0.12896353006362915,0.8039215803146362,-0.3387832712239637,preprocessed_DFDC02_16,atlqijvnzs,fake,1
True,15,0.06004573777318001,0.08927632868289948,0.6352941393852234,-0.3841473723988396,preprocessed_DFDC02_16,bhzmcktrkb,fake,1
True,15,0.0649719163775444,0.09349869191646576,0.9803921580314636,-0.4483712744009122,preprocessed_DFDC02_16,bpxitgkwkm,fake,1
True,15,0.07231096178293228,0.1364675760269165,0.7882353067398071,-0.433100763295959,preprocessed_DFD01_16,07_21__hugging_happy__CRGVSDBI,fake,1
True,15,0.09375330805778503,0.14172625541687012,0.686274528503418,-0.3119880652408154,preprocessed_DFDC02_16,abbgqbrdiz,real,0
True,15,0.07402464002370834,0.12291418015956879,0.9686274528503418,-0.3042266064213118,preprocessed_DFDC02_16,aomqqjipcp,fake,1
True,15,0.07253820449113846,0.10175736248493195,0.45098042488098145,-0.43209291337368516,preprocessed_DFDC02_16,lkppttaxoq,real,0
True,15,0.14617690443992615,0.24631357192993164,1.0,-0.25047521861856265,preprocessed_DFD01_16,13_04__kitchen_pan__00T3UYOR,fake,1
True,15,0.1041712835431099,0.15743298828601837,0.7450980544090271,-0.39840107210042197,preprocessed_DFDC02_16,mkzaekkvej,real,0
True,15,0.08351548761129379,0.1178964227437973,0.6313725709915161,-0.31423545650086565,preprocessed_DFDC02_16,aafezqchru,fake,1
True,15,0.11303121596574783,0.178110733628273,0.9333333373069763,-0.4498257131893501,preprocessed_DFDC02_16,vizerpsvbz,real,0
True,15,0.07512820512056351,0.10353656113147736,0.7607843279838562,-0.4125330650691315,preprocessed_DFDC02_16,aeudhfvcvk,fake,1
True,15,0.054713908582925797,0.08076509833335876,0.46666669845581055,-0.5014444644176408,preprocessed_DFDC02_16,aiseiufjsz,fake,1
True,15,0.015876054763793945,0.052708353847265244,0.7176470756530762,-0.23660437393900072,preprocessed_DFD01_16,13_12__secret_conversation__6G44TDN4,fake,1
True,15,0.06480148434638977,0.15591317415237427,0.9098039269447327,-0.44988217931247704,preprocessed_DFD01_16,11_04__walking_outside_cafe_disgusted__SXI772ZL,fake,1
True,15,0.03141166269779205,0.05403696000576019,0.6980392336845398,-0.08395177825768575,preprocessed_DFDC02_16,brzfxbzteo,fake,1
True,15,0.0936303362250328,0.15092787146568298,0.8784313797950745,-0.3818328341233967,preprocessed_DFDC02_16,uztttikeuj,real,0
True,15,0.1409022957086563,0.20824939012527466,0.9333333373069763,-0.3125016490453159,preprocessed_DFD01_16,10_23__outside_talking_pan_laughing__ZHJO34DY,fake,1
True,15,0.0422244518995285,0.06007891893386841,0.34117648005485535,-0.3683160877125795,preprocessed_DFDC02_16,aoydktojny,fake,1
True,15,0.037160973995923996,0.08532441407442093,0.95686274766922,-0.4217056989745741,preprocessed_DFD01_16,01_20__talking_angry_couch__FW94AIMJ,fake,1
True,15,0.10610391199588776,0.1783750057220459,0.9411764740943909,-0.24248494198431225,preprocessed_DFD01_16,25_21__outside_talking_pan_laughing__2R46UX3R,fake,1
True,15,0.0645761489868164,0.09423939138650894,0.5960784554481506,-0.5729826957016725,preprocessed_DFDC02_16,bqqaetrjss,fake,1
True,15,0.03751836344599724,0.10935701429843903,0.9647058844566345,-0.4165363418548644,preprocessed_DFD01_16,03_13__walking_outside_cafe_disgusted__GBYWJW06,fake,1
True,15,0.02388051338493824,0.0828840583562851,0.9921568632125854,-0.09290298275745142,preprocessed_DFD01_16,20__exit_phone_room,real,0
True,15,0.06828251481056213,0.11698538064956665,0.8784313797950745,-0.29135978521302736,preprocessed_DFDC02_16,cnbxddelwb,fake,1
True,15,0.13694612681865692,0.2504277527332306,1.0,-0.2584052257880317,preprocessed_DFD01_16,03_14__kitchen_pan__38OVCK3X,fake,1
True,15,0.03211813047528267,0.09443450719118118,0.9725490212440491,-0.2617153338586734,preprocessed_DFD01_16,26_14__walking_outside_cafe_disgusted__ILLP29ZH,fake,1
True,15,0.030860641971230507,0.045550230890512466,0.3294117748737335,-0.4359662307969384,preprocessed_DFDC02_16,bfibrgtvjc,fake,1
True,15,0.034977007657289505,0.07049702852964401,0.611764669418335,-0.20992611680148077,preprocessed_DFDC02_16,hvierltlmq,real,0
True,15,0.05546199530363083,0.1139688640832901,0.8196078538894653,-0.43008473679083314,preprocessed_DFD01_16,05__hugging_happy,real,0
True,15,0.08790107071399689,0.14155744016170502,0.9450980424880981,-0.39220913876507385,preprocessed_DFDC02_16,obpqhzvrvf,real,0
True,15,0.10356757044792175,0.15458272397518158,0.9333333373069763,-0.5026466087794936,preprocessed_DFDC02_16,acjjzzvzvg,fake,1
True,15,0.07181061804294586,0.13953430950641632,0.9647058844566345,-0.4609709846979571,preprocessed_DFD01_16,03_06__hugging_happy__4I8LRXWF,fake,1
True,15,0.039438825100660324,0.0686594694852829,0.6705882549285889,-0.39679141903496606,preprocessed_DFDC02_16,kxrolubbyy,real,0
True,15,0.054634734988212585,0.08457604795694351,0.9764705896377563,-0.3553620735962107,preprocessed_DFDC02_16,cziwcuwazd,fake,1
True,15,0.030791182070970535,0.09657156467437744,0.8627451062202454,-0.5574827031099809,preprocessed_DFD01_16,02__walking_outside_cafe_disgusted,real,0
True,15,0.03900042921304703,0.10237064957618713,0.9647058844566345,-0.3908901375516545,preprocessed_DFD01_16,20_25__outside_talking_still_laughing__M86GQTHK,fake,1
True,15,0.029034847393631935,0.0853324756026268,0.8627451062202454,-0.45170281140945673,preprocessed_DFD01_16,10_19__walking_outside_cafe_disgusted__FFXB67PI,fake,1
True,15,0.10538958013057709,0.151139035820961,0.8392156958580017,-0.45794439182317603,preprocessed_DFDC02_16,hhqcircgmf,real,0
True,15,0.11116896569728851,0.14901530742645264,0.6705882549285889,-0.530283993700717,preprocessed_DFDC02_16,bysnjpwrxs,fake,1
True,15,0.14203688502311707,0.20828798413276672,0.9490196108818054,-0.4608336904681628,preprocessed_DFDC02_16,mdlwompdxe,real,0
True,15,0.020870007574558258,0.042869795113801956,0.6196078658103943,-0.2948962538362761,preprocessed_DFDC02_16,ofpugszjdt,real,0
True,15,0.04017537459731102,0.09837299585342407,0.9725490212440491,-0.35064962061634997,preprocessed_DFD01_16,18_03__kitchen_still__22UBC0BS,fake,1
True,15,0.10426925867795944,0.1458994746208191,0.7215686440467834,-0.4740312965069645,preprocessed_DFDC02_16,fjdunxauji,real,0
True,15,0.0400279201567173,0.06148548051714897,0.4431372582912445,-0.3759213930858249,preprocessed_DFDC02_16,dywrvfnhme,fake,1
True,15,0.07509266585111618,0.11213643103837967,0.6000000238418579,-0.38359269812588825,preprocessed_DFDC02_16,eivcumeuxu,fake,1
True,15,0.022384509444236755,0.03476155921816826,0.7372549176216125,-0.24231867353618078,preprocessed_DFDC02_16,ahcbiribgn,fake,1
True,15,0.07109818607568741,0.1598067730665207,0.8509804010391235,-0.38940980544718684,preprocessed_DFD01_16,02__hugging_happy,real,0
True,15,0.01705785281956196,0.05662231147289276,0.8274509906768799,-0.18005158787304465,preprocessed_DFD01_16,07__walking_down_street_outside_angry,real,0
True,15,0.016978533938527107,0.05323375388979912,0.9098039269447327,-0.34006262854151176,preprocessed_DFD01_16,13_15__secret_conversation__X0EIIJF7,fake,1
True,15,0.04941212013363838,0.09629794210195541,0.8980392217636108,-0.2404364103145297,preprocessed_DFDC02_16,axtxpkejwb,fake,1
True,15,0.07535574585199356,0.1219087615609169,0.7137255072593689,-0.42618720153743955,preprocessed_DFDC02_16,abmjszfycr,real,0
True,15,0.04010409861803055,0.05736372619867325,0.3843137323856354,-0.41209160410225465,preprocessed_DFDC02_16,gvlvrhgndw,real,0
True,15,0.13049140572547913,0.21839548647403717,1.0,-0.19213540832700268,preprocessed_DFD01_16,22_23__kitchen_pan__TU7RHG0S,fake,1
True,15,0.07730764150619507,0.11261648684740067,0.658823549747467,-0.4663718574435523,preprocessed_DFDC02_16,cfpydwmroe,fake,1
True,15,0.05174490436911583,0.10457052290439606,0.9803921580314636,-0.4544148250262105,preprocessed_DFD01_16,20_03__talking_angry_couch__61SVZ2J7,fake,1
True,15,0.03287094458937645,0.08835622668266296,0.8901960849761963,-0.4165498592745419,preprocessed_DFD01_16,07_14__outside_talking_still_laughing__P9QFO50U,fake,1
True,15,0.03402917459607124,0.06810667365789413,0.5098039507865906,-0.2645196442184249,preprocessed_DFDC02_16,crvepxiplb,real,0
True,15,0.018775291740894318,0.07116995751857758,1.0,-0.28354694411934506,preprocessed_DFD01_16,21_07__exit_phone_room__K7KXUHMU,fake,1
True,15,0.06464420258998871,0.09472183138132095,0.6666666269302368,-0.44221660556574277,preprocessed_DFDC02_16,aolvemvlnz,fake,1
True,15,0.07508966326713562,0.11996012926101685,0.9490196108818054,-0.28143867593594785,preprocessed_DFDC02_16,anznojhdjf,real,0
True,15,0.0640607699751854,0.11021915078163147,0.6627451181411743,-0.41610027670884175,preprocessed_DFDC02_16,vnlzxqwthl,real,0
True,15,0.02884967252612114,0.07360881567001343,0.8823529481887817,-0.3571037279150421,preprocessed_DFD01_16,13__walking_outside_cafe_disgusted,real,0
True,15,0.034076984971761703,0.04954494908452034,0.4745098352432251,-0.3140118694712703,preprocessed_DFDC02_16,ekzwasnkky,fake,1
True,15,0.024738142266869545,0.07079613953828812,0.9686274528503418,-0.3418161846350655,preprocessed_DFD01_16,14_15__walking_down_street_outside_angry__OMLZILK3,fake,1
True,15,0.022130100056529045,0.06421298533678055,0.7960784435272217,-0.2900238658133948,preprocessed_DFD01_16,25_07__walking_down_street_outside_angry__IKMKYKPG,fake,1
True,15,0.026023460552096367,0.08800194412469864,0.9764705896377563,-0.3789138725192737,preprocessed_DFD01_16,02_07__exit_phone_room__9NVRE2KQ,fake,1
True,15,0.03030787967145443,0.0781746655702591,0.8980392217636108,-0.42069860608912446,preprocessed_DFD01_16,04__kitchen_still,real,0
True,15,0.016720635816454887,0.04978560283780098,0.7607843279838562,-0.41888199526253017,preprocessed_DFD01_16,06_02__talking_against_wall__SU4OQCS9,fake,1
True,15,0.1296144276857376,0.21778489649295807,1.0,-0.19275620687203454,preprocessed_DFD01_16,22_23__kitchen_pan__W9MT3Q5K,fake,1
True,15,0.023212917149066925,0.06659551709890366,0.772549033164978,-0.30090807402258063,preprocessed_DFD01_16,02_13__meeting_serious__CP5HFV3K,fake,1
True,15,0.06973876059055328,0.11660169810056686,0.6000000238418579,-0.4190464239473798,preprocessed_DFDC02_16,yrlogqcteq,real,0
True,15,0.04238128289580345,0.1071929857134819,0.9529411792755127,-0.4039973107217007,preprocessed_DFD01_16,05_17__walking_outside_cafe_disgusted__C4VHXZFY,fake,1
True,15,0.015260807238519192,0.056498292833566666,0.9647058844566345,-0.21929501742375943,preprocessed_DFD01_16,06__walk_down_hall_angry,real,0
True,15,0.024248797446489334,0.07551366090774536,0.9058823585510254,-0.37396952561011576,preprocessed_DFD01_16,12_13__secret_conversation__DJ7MF331,fake,1
True,15,0.02015974186360836,0.07055515795946121,0.9921568632125854,-0.4120134149072145,preprocessed_DFD01_16,13_09__walk_down_hall_angry__6K90KFOQ,fake,1
True,15,0.08372176438570023,0.16997471451759338,0.8588235378265381,-0.3571380578512697,preprocessed_DFD01_16,20_09__hugging_happy__98NUQ3E6,fake,1
True,15,0.017560284584760666,0.055068884044885635,0.8745098114013672,-0.4563178987217314,preprocessed_DFD01_16,03_06__talking_against_wall__1IXGY2FK,fake,1
True,15,0.12350854277610779,0.18610571324825287,0.843137264251709,-0.48678959736690525,preprocessed_DFDC02_16,qdofrrdnim,real,0
True,15,0.02887355163693428,0.08856465667486191,0.9254902005195618,-0.29393849078820544,preprocessed_DFD01_16,12_11__walking_outside_cafe_disgusted__8NS148U7,fake,1
True,15,0.020228665322065353,0.06566806882619858,0.729411780834198,-0.5531944143861398,preprocessed_DFD01_16,17_08__podium_speech_happy__ISS1V0B1,fake,1
True,15,0.0422750748693943,0.08279414474964142,0.9215686321258545,-0.4627183862852099,preprocessed_DFD01_16,07_12__talking_angry_couch__88BSFG9O,fake,1
True,15,0.13474395871162415,0.20488706231117249,0.9411764740943909,-0.3762412172611161,preprocessed_DFD01_16,09_02__outside_talking_pan_laughing__HIH8YA82,fake,1
True,15,0.012792801484465599,0.0549929253757,0.9843137264251709,-0.2459616179451028,preprocessed_DFD01_16,14_07__walk_down_hall_angry__P9QFO50U,fake,1
True,15,0.10625851154327393,0.15483786165714264,0.7647058963775635,-0.3940473023674388,preprocessed_DFDC02_16,zwxefbpfee,real,0
True,15,0.011281942017376423,0.04820943996310234,1.0,-0.2618942772531015,preprocessed_DFD01_16,19_10__walk_down_hall_angry__BVVPN5D5,fake,1
True,15,0.06321777403354645,0.10026446729898453,0.9490196108818054,-0.4442768440739848,preprocessed_DFDC02_16,bpykroksyw,fake,1
True,15,0.08796191215515137,0.13360054790973663,0.9490196108818054,-0.4246093538558456,preprocessed_DFDC02_16,utjlovulfq,real,0
True,15,0.19569289684295654,0.26918140053749084,0.9647058844566345,-0.43029720226898566,preprocessed_DFD01_16,27_02__walking_and_outside_surprised__QW05XUUZ,fake,1
True,15,0.029676422476768494,0.08391419798135757,0.9529411792755127,-0.2642877283586775,preprocessed_DFD01_16,06_15__walking_outside_cafe_disgusted__QRCD27P8,fake,1
True,15,0.05872022733092308,0.09648061543703079,0.4901961088180542,-0.24934946439988206,preprocessed_DFDC02_16,fjxovgmwnm,real,0
True,15,0.03157650679349899,0.09311091899871826,0.9176470637321472,-0.24986192493341816,preprocessed_DFD01_16,04_01__walking_down_street_outside_angry__0XUW13RW,fake,1
True,15,0.07415883243083954,0.11228688061237335,0.7098039388656616,-0.3917378465196394,preprocessed_DFDC02_16,arwyjgnvlp,fake,1
True,15,0.06218765676021576,0.09064347296953201,0.6235294342041016,-0.5252605022740827,preprocessed_DFDC02_16,gmkuswweko,real,0
True,15,0.01910880021750927,0.0670425221323967,1.0,-0.22986295473873736,preprocessed_DFD01_16,08_28__exit_phone_room__KXO8S7OP,fake,1
True,15,0.02433665655553341,0.06107378005981445,0.7843137383460999,-0.42439764291647125,preprocessed_DFD01_16,07__talking_against_wall,real,0
True,15,0.05553615093231201,0.09644510596990585,0.8784313797950745,-0.4681131154768096,preprocessed_DFDC02_16,fopjiyxiqd,real,0
True,15,0.028235558420419693,0.06635545194149017,0.8156862854957581,0.005262291287972979,preprocessed_DFDC02_16,ayvyqvvayo,fake,1
True,15,0.04723268002271652,0.08497460931539536,0.9215686321258545,-0.23488136314361605,preprocessed_DFDC02_16,shehvyhzsd,real,0
True,15,0.05797260254621506,0.1158287525177002,1.0,-0.45338006693995553,preprocessed_DFD01_16,02_06__talking_angry_couch__GH8TGTBS,fake,1
True,15,0.023214800283312798,0.06659303605556488,0.7921568751335144,-0.3007294087598587,preprocessed_DFD01_16,02_09__meeting_serious__6KUOFMZW,fake,1
True,15,0.08859053999185562,0.13172002136707306,0.7960784435272217,-0.41878531808187097,preprocessed_DFDC02_16,abvgbvoxco,fake,1
True,15,0.030625415965914726,0.08603275567293167,0.8941176533699036,-0.3081801570670493,preprocessed_DFD01_16,18_11__walking_down_street_outside_angry__PT4YKO2R,fake,1
True,15,0.02567075565457344,0.07480798661708832,0.8901960849761963,-0.288092368503925,preprocessed_DFD01_16,09_20__walking_down_street_outside_angry__HG1S0KHA,fake,1
True,15,0.04948744177818298,0.07050564885139465,0.615686297416687,-0.4277924490617903,preprocessed_DFDC02_16,bdshuoldwx,fake,1
True,15,0.03350544348359108,0.1060539186000824,0.8901960849761963,-0.27890101417275553,preprocessed_DFD01_16,27_01__walking_outside_cafe_disgusted__S2YCUY48,fake,1
True,15,0.1199905052781105,0.19683387875556946,0.9764705896377563,-0.30977225604686287,preprocessed_DFD01_16,03__outside_talking_pan_laughing,real,0
True,15,0.10936196148395538,0.15865132212638855,0.8549019694328308,-0.3344223344858812,preprocessed_DFDC02_16,yexeazbqig,real,0
True,15,0.020213820040225983,0.07232019305229187,0.8549019694328308,-0.5285212987403555,preprocessed_DFD01_16,21_14__podium_speech_happy__IRKML4J0,fake,1
True,15,0.03301350772380829,0.08856207132339478,0.8784313797950745,-0.42058548578557564,preprocessed_DFD01_16,07_15__outside_talking_still_laughing__KM6M2TBT,fake,1
True,15,0.07697009295225143,0.1245170310139656,0.9176470637321472,-0.44486913666249717,preprocessed_DFDC02_16,wolrzmfong,real,0
True,15,0.04743385314941406,0.09712016582489014,0.7921568751335144,-0.31383429990120154,preprocessed_DFDC02_16,czxtraxsnt,fake,1
True,15,0.05978928506374359,0.1055619865655899,0.9490196108818054,-0.447736466369086,preprocessed_DFDC02_16,aeeigmpocb,real,0
True,15,0.025074293836951256,0.04213012754917145,0.30588236451148987,-0.25419633671900244,preprocessed_DFDC02_16,cczcxkrrnj,real,0
True,15,0.1261909008026123,0.19435621798038483,0.9607843160629272,-0.30533412921560094,preprocessed_DFD01_16,24_22__outside_talking_pan_laughing__XL557XC6,fake,1
True,15,0.023179763928055763,0.06518841534852982,0.7764706015586853,-0.3225927343620332,preprocessed_DFD01_16,25_27__walking_down_street_outside_angry__1KU29EUL,fake,1
True,15,0.0493709072470665,0.07881934940814972,0.38823530077934265,-0.4991101759830578,preprocessed_DFDC02_16,qmhakuwxky,real,0
True,15,0.01189128402620554,0.04688040539622307,0.8941176533699036,-0.20293480729958505,preprocessed_DFD01_16,07_02__walk_down_hall_angry__U7DEOZNV,fake,1
True,15,0.024717310443520546,0.048746827989816666,0.5490196347236633,-0.3768297032464481,preprocessed_DFDC02_16,rtrnpctaug,real,0
True,15,0.10219214856624603,0.15401412546634674,0.7960784435272217,-0.49206420017290003,preprocessed_DFDC02_16,ajcgqfzbef,fake,1
True,15,0.08137711137533188,0.11708765476942062,0.5254902243614197,-0.43080910158512714,preprocessed_DFDC02_16,cxobtfqqqo,real,0
True,15,0.028970906510949135,0.08864160627126694,0.9176470637321472,-0.3183806800137642,preprocessed_DFD01_16,12_20__walking_outside_cafe_disgusted__B0X1CGG2,fake,1
True,15,0.02156650647521019,0.06897655874490738,0.7647058963775635,-0.3461189854729013,preprocessed_DFD01_16,27_02__podium_speech_happy__XFSH3BW7,fake,1
True,15,0.01741706393659115,0.03528795391321182,0.33725491166114807,-0.05359170752854948,preprocessed_DFDC02_16,dxieksfyad,fake,1
True,15,0.196588397026062,0.2698517441749573,0.9490196108818054,-0.4128991456508489,preprocessed_DFD01_16,27_06__walking_and_outside_surprised__VN14WY2N,fake,1
True,15,0.04167729616165161,0.06004222482442856,0.5490196347236633,-0.42088611958659683,preprocessed_DFDC02_16,bfmvjimrqn,fake,1
True,15,0.012560773640871048,0.04975045844912529,0.8549019694328308,-0.2578081720546569,preprocessed_DFD01_16,07_26__walk_down_hall_angry__FGNGC2GT,fake,1
True,15,0.10731831192970276,0.1609303504228592,0.9019607901573181,-0.38219126764671824,preprocessed_DFDC02_16,aezvgaqjpf,fake,1
True,15,0.03925013914704323,0.056043677031993866,0.38823530077934265,-0.4259183048247204,preprocessed_DFDC02_16,hplemlikjw,real,0
True,15,0.06735770404338837,0.1271866410970688,0.8588235378265381,-0.37944795718616636,preprocessed_DFDC02_16,bgsluarwyl,real,0
True,15,0.06608756631612778,0.13903698325157166,0.8980392217636108,-0.42589914629050074,preprocessed_DFD01_16,21__hugging_happy,real,0
True,15,0.04685407876968384,0.07517870515584946,0.9372549057006836,-0.3521907240101579,preprocessed_DFDC02_16,drjlhykuso,fake,1
True,15,0.06827078759670258,0.11253492534160614,0.7411764860153198,-0.3046497658247036,preprocessed_DFDC02_16,bcvisrvzak,fake,1
True,15,0.11009665578603745,0.187849223613739,1.0,-0.38265869842366235,preprocessed_DFD01_16,14_02__outside_talking_pan_laughing__3IUBEKCT,fake,1
True,15,0.12978461384773254,0.2079833745956421,0.9803921580314636,-0.24252585493334058,preprocessed_DFD01_16,18_06__kitchen_pan__5HNHMK6G,fake,1
True,15,0.012228560633957386,0.048670586198568344,0.8823529481887817,-0.2847000119291618,preprocessed_DFD01_16,07_09__walk_down_hall_angry__N9CWME71,fake,1
True,15,0.10689309984445572,0.17887187004089355,0.9098039269447327,-0.30438327116246916,preprocessed_DFDC02_16,cnwryfbhjs,fake,1
True,15,0.028675490990281105,0.09155783802270889,0.8745098114013672,-0.41009148414674135,preprocessed_DFD01_16,02_06__walking_outside_cafe_disgusted__GH8TGTBS,fake,1
True,15,0.03431849554181099,0.08396301418542862,0.9137254953384399,-0.4663576462419142,preprocessed_DFD01_16,21_14__talking_angry_couch__IRKML4J0,fake,1
True,15,0.09295512735843658,0.13982416689395905,0.7607843279838562,-0.5247482308500049,preprocessed_DFDC02_16,teehidqtii,real,0
True,15,0.02083609625697136,0.061724722385406494,0.8117647171020508,-0.46015277732400317,preprocessed_DFD01_16,02__podium_speech_happy,real,0
True,15,0.04466509446501732,0.09965309500694275,1.0,-0.4847249829539164,preprocessed_DFD01_16,24_22__talking_angry_couch__7E3GY85F,fake,1
True,15,0.011591960676014423,0.03166545182466507,0.7176470756530762,-0.35081169841091386,preprocessed_DFD01_16,01_11__talking_against_wall__P06JKA75,fake,1
True,15,0.02562330663204193,0.07991023361682892,0.9803921580314636,-0.36089493300721764,preprocessed_DFD01_16,13_18__exit_phone_room__3II4T6H5,fake,1
True,15,0.03495264798402786,0.08509432524442673,0.8901960849761963,-0.4538614536879506,preprocessed_DFD01_16,23_22__outside_talking_still_laughing__W9MT3Q5K,fake,1
True,15,0.02636142633855343,0.04374091699719429,0.3490196168422699,-0.28471499379630677,preprocessed_DFDC02_16,afnhmtuuva,fake,1
True,15,0.013111566193401814,0.051537759602069855,0.9215686321258545,-0.39384724446266084,preprocessed_DFD01_16,01_03__podium_speech_happy__480LQD1C,fake,1
True,15,0.11576052010059357,0.18868254125118256,1.0,-0.24639090098989364,preprocessed_DFD01_16,07_21__kitchen_pan__K7KXUHMU,fake,1
True,15,0.04762861505150795,0.07474057376384735,0.6941176652908325,-0.3634004948262971,preprocessed_DFDC02_16,eduorgiuji,fake,1
True,15,0.021138448268175125,0.054986100643873215,0.8470588326454163,-0.3291671659090348,preprocessed_DFD01_16,05_17__walking_down_street_outside_angry__M3H96PDQ,fake,1
True,15,0.05927852913737297,0.14319652318954468,1.0,-0.4542593481110248,preprocessed_DFD01_16,26_04__talking_angry_couch__WX836VLY,fake,1
True,15,0.01707155816257,0.046336524188518524,0.9176470637321472,-0.23923053037168968,preprocessed_DFDC02_16,nvjdasvkoe,real,0
True,15,0.039788536727428436,0.1206386461853981,0.9764705896377563,-0.43820457141456715,preprocessed_DFD01_16,01_04__outside_talking_still_laughing__0XUW13RW,fake,1
True,15,0.03746076673269272,0.10920101404190063,0.9411764740943909,-0.4162025875213892,preprocessed_DFD01_16,03_07__walking_outside_cafe_disgusted__WPT3Z2KN,fake,1
True,15,0.11912290006875992,0.19482533633708954,0.95686274766922,-0.29003869792283055,preprocessed_DFD01_16,21_25__outside_talking_pan_laughing__2R46UX3R,fake,1
True,15,0.02468130737543106,0.07059113681316376,0.7882353067398071,-0.4287918788018676,preprocessed_DFD01_16,17_05__talking_against_wall__YTJYYDO9,fake,1
True,15,0.037006452679634094,0.10436771810054779,0.9607843160629272,-0.46868863901703695,preprocessed_DFD01_16,03_13__outside_talking_still_laughing__GBYWJW06,fake,1
True,15,0.044034961611032486,0.07663294672966003,0.6196078658103943,-0.3593496580640842,preprocessed_DFDC02_16,bkyqaqhdra,fake,1
True,15,0.07211941480636597,0.12288780510425568,0.7490196228027344,-0.4332658586846974,preprocessed_DFDC02_16,uxuvkrjhws,real,0
True,15,0.03707505390048027,0.08655320852994919,0.8274509906768799,-0.3342418477646883,preprocessed_DFD01_16,16_17__walking_outside_cafe_disgusted__S7UMSIQV,fake,1
True,15,0.03937587887048721,0.1037638708949089,0.9921568632125854,-0.39789330385984556,preprocessed_DFD01_16,20_13__outside_talking_still_laughing__LXLR1B6N,fake,1
True,15,0.1038798987865448,0.14283543825149536,0.729411780834198,-0.48793929209539033,preprocessed_DFDC02_16,hmnkjimojl,real,0
True,15,0.019960999488830566,0.07102407515048981,1.0,-0.23958459026085127,preprocessed_DFD01_16,18_25__walk_down_hall_angry__AUC0HY5T,fake,1
True,15,0.011135817505419254,0.04740433394908905,1.0,-0.28306483410908156,preprocessed_DFD01_16,19_23__walk_down_hall_angry__F7U8UY7V,fake,1
True,15,0.10440665483474731,0.1489589512348175,0.843137264251709,-0.372346889775223,preprocessed_DFDC02_16,imlfgbdpuj,real,0
True,15,0.04032362997531891,0.057832490652799606,0.6039215922355652,-0.3780822746690685,preprocessed_DFDC02_16,dgmsyauuvv,fake,1
True,15,0.038473110646009445,0.07050596922636032,0.5568627715110779,-0.5736846803278713,preprocessed_DFDC02_16,imrprfgqaj,real,0
True,15,0.023952893912792206,0.06009059399366379,0.7921568751335144,-0.4771016601274426,preprocessed_DFD01_16,07_20__talking_against_wall__KV6Q7D6C,fake,1
True,15,0.028831707313656807,0.08309821039438248,0.9019607901573181,-0.469586263681132,preprocessed_DFD01_16,06_26__outside_talking_still_laughing__L5BVR5L9,fake,1
True,15,0.027865059673786163,0.08110778778791428,0.7372549176216125,-0.44208353941874406,preprocessed_DFD01_16,25_18__podium_speech_happy__SEGFKFJG,fake,1
True,15,0.01840532012283802,0.03303772211074829,0.2980392277240753,-0.27823533499434966,preprocessed_DFDC02_16,nsrbvbkpfr,real,0
True,15,0.05458172783255577,0.07796543836593628,0.4470588266849518,-0.3855965993942107,preprocessed_DFDC02_16,bdkihilpyw,fake,1
True,15,0.061256129294633865,0.0955953374505043,0.7254902124404907,-0.2971652793788148,preprocessed_DFDC02_16,axtszmzvat,fake,1
True,15,0.039614640176296234,0.07779163867235184,0.6274510025978088,-0.386552253176037,preprocessed_DFDC02_16,agwtvukqyx,fake,1
True,15,0.061343394219875336,0.14633437991142273,1.0,-0.4455447053360148,preprocessed_DFD01_16,26_20__talking_angry_couch__2VS0S1P5,fake,1
True,15,0.0625264048576355,0.09373260289430618,0.6000000238418579,-0.4394799280103476,preprocessed_DFDC02_16,ayfjanopir,fake,1
True,15,0.06881222128868103,0.10362676531076431,0.7137255072593689,-0.47006491278613743,preprocessed_DFDC02_16,auydsalswy,fake,1
True,15,0.07921076565980911,0.10854384303092957,0.8196078538894653,-0.5009401892809221,preprocessed_DFDC02_16,czgnyrrkuq,real,0
True,15,0.07191315293312073,0.1395571082830429,0.9607843160629272,-0.4466042838039613,preprocessed_DFD01_16,03_07__hugging_happy__BKLOCI1M,fake,1
True,15,0.05203256383538246,0.07426392287015915,0.5764706134796143,-0.3839484511802215,preprocessed_DFDC02_16,sqtqgpbsov,real,0
True,15,0.01702824793756008,0.06891006231307983,0.9921568632125854,-0.3630544959840349,preprocessed_DFD01_16,25_18__walk_down_hall_angry__AUC0HY5T,fake,1
True,15,0.02429931052029133,0.06952010095119476,0.7764706015586853,-0.3346543293262661,preprocessed_DFD01_16,01_03__meeting_serious__JZUXXFRB,fake,1
True,15,0.02625938691198826,0.08044381439685822,1.0,-0.46463845229914363,preprocessed_DFD01_16,11_02__podium_speech_happy__NZJ1YEWE,fake,1
True,15,0.1466396450996399,0.21609681844711304,0.9882352948188782,-0.3531423841513334,preprocessed_DFD01_16,18_25__outside_talking_pan_laughing__AUC0HY5T,fake,1
True,15,0.0167581457644701,0.05026274919509888,0.7372549176216125,-0.36011885275297495,preprocessed_DFD01_16,07_21__secret_conversation__CRGVSDBI,fake,1
True,15,0.014993095770478249,0.06342002749443054,0.9137254953384399,-0.40376293677386854,preprocessed_DFD01_16,11_03__walk_down_hall_angry__P08VGHTA,fake,1
True,15,0.14643529057502747,0.21562710404396057,0.9647058844566345,-0.3481918200919071,preprocessed_DFD01_16,18_11__outside_talking_pan_laughing__TRJUIS24,fake,1
True,15,0.06257554888725281,0.11195717751979828,0.5411764979362488,-0.3652346605486546,preprocessed_DFDC02_16,selrivfagu,real,0
True,15,0.03215658292174339,0.08718513697385788,0.9372549057006836,-0.3140078627340432,preprocessed_DFD01_16,20_01__kitchen_still__FW94AIMJ,fake,1
True,15,0.08199869841337204,0.12266317754983902,0.7921568751335144,-0.3966468947947444,preprocessed_DFDC02_16,arzxjcyupl,fake,1
True,15,0.023286055773496628,0.08201839029788971,0.9137254953384399,-0.3312737358773172,preprocessed_DFD01_16,27_25__walking_down_street_outside_angry__ZTV6TUQ9,fake,1
True,15,0.12578360736370087,0.22064612805843353,0.9882352948188782,-0.19043039930819644,preprocessed_DFD01_16,15_03__kitchen_pan__5C1OMK8W,fake,1
True,15,0.0528528206050396,0.08793174475431442,0.5215686559677124,-0.3633666633773625,preprocessed_DFDC02_16,dwnjghnnvx,fake,1
True,15,0.019706230610609055,0.030028846114873886,0.2549019753932953,-0.22787853888233325,preprocessed_DFDC02_16,tzsnrrptgs,real,0
True,15,0.07576138526201248,0.11387193948030472,0.5960784554481506,-0.3014735430420255,preprocessed_DFDC02_16,nopjjvwwrg,real,0
True,15,0.04314420744776726,0.1066504642367363,0.9490196108818054,-0.44828163360586315,preprocessed_DFD01_16,09_18__outside_talking_still_laughing__3VP8836C,fake,1
True,15,0.07078573852777481,0.11393729597330093,0.7137255072593689,-0.4779118991527303,preprocessed_DFDC02_16,ofwjwemovw,real,0
True,15,0.02664191462099552,0.04484996199607849,0.5215686559677124,-0.304560920408235,preprocessed_DFDC02_16,bbkwwrlwpb,real,0
True,15,0.06854873895645142,0.11113402247428894,0.6392157077789307,-0.5649438865256909,preprocessed_DFDC02_16,yovkaudkhn,real,0
True,15,0.09842904657125473,0.16005000472068787,0.7960784435272217,-0.40862296682190713,preprocessed_DFDC02_16,batfgxokwg,fake,1
True,15,0.07686205208301544,0.13941462337970734,0.7215685844421387,-0.5509240078334541,preprocessed_DFDC02_16,ntnmovxbyt,real,0
True,15,0.11611438542604446,0.18525072932243347,0.9333333373069763,-0.4327609226108699,preprocessed_DFDC02_16,dvwpvqdflx,real,0
True,15,0.05656199902296066,0.09294004738330841,0.5921568870544434,-0.3101841644317716,preprocessed_DFDC02_16,cclkwtadow,fake,1
True,15,0.07283965498209,0.10246964544057846,0.615686297416687,-0.38978062986668693,preprocessed_DFDC02_16,bbbqniokoa,fake,1
True,15,0.12555135786533356,0.1940423548221588,0.9725490212440491,-0.29272254104842965,preprocessed_DFD01_16,16_28__outside_talking_pan_laughing__X5FNCYON,fake,1
True,15,0.04239097982645035,0.06319224089384079,0.43529415130615234,-0.31417897508009673,preprocessed_DFDC02_16,bmcpsjkjqv,fake,1
True,15,0.027309102937579155,0.0776037946343422,0.729411780834198,-0.29341096517723575,preprocessed_DFD01_16,09_26__talking_against_wall__C3K20JOL,fake,1
True,15,0.026807332411408424,0.08660852164030075,0.8352941274642944,-0.2729844328828991,preprocessed_DFD01_16,02_03__walking_down_street_outside_angry__QH3Y0IG0,fake,1
True,15,0.020986082032322884,0.05012733116745949,0.572549045085907,-0.1298502205064219,preprocessed_DFDC02_16,bfajryuvdg,fake,1
True,15,0.07264739274978638,0.10803809762001038,0.6941176652908325,-0.32612064848682787,preprocessed_DFDC02_16,dnhtodemdj,fake,1
True,15,0.032509610056877136,0.09397506713867188,0.8470588326454163,-0.441242149522413,preprocessed_DFD01_16,14_12__podium_speech_happy__Z7EWFA0P,fake,1
True,15,0.03673503175377846,0.10252196341753006,0.9058823585510254,-0.2704943920847394,preprocessed_DFD01_16,01_27__walking_outside_cafe_disgusted__ZYCZ30C0,fake,1
True,15,0.029530465602874756,0.08837838470935822,0.9372549057006836,-0.2836932751527369,preprocessed_DFD01_16,04_26__walking_down_street_outside_angry__WX836VLY,fake,1
True,15,0.059015873819589615,0.12822099030017853,1.0,-0.43946076171475595,preprocessed_DFD01_16,06__talking_angry_couch,real,0
True,15,0.017740562558174133,0.07570308446884155,0.9686274528503418,-0.23152493920187167,preprocessed_DFD01_16,01_15__walk_down_hall_angry__02HILKYO,fake,1
True,15,0.016011521220207214,0.060118142515420914,0.8980392217636108,-0.3142189137706305,preprocessed_DFD01_16,11_01__secret_conversation__WIZ7GKOD,fake,1
True,15,0.027845419943332672,0.08521885424852371,0.9607843160629272,-0.26919332194311546,preprocessed_DFD01_16,08_17__kitchen_still__JZYRLJ8T,fake,1
True,15,0.05439867079257965,0.08513151854276657,0.9411764740943909,-0.2133900126347333,preprocessed_DFDC02_16,vxoaanowge,real,0
True,15,0.02657501772046089,0.08931562304496765,0.8196078538894653,-0.5279461793512183,preprocessed_DFD01_16,19_24__podium_speech_happy__LVZNRK9S,fake,1
True,15,0.039562370628118515,0.06904721260070801,0.8470588326454163,-0.3318009073240149,preprocessed_DFDC02_16,biyummatiu,fake,1
True,15,0.012244082055985928,0.04834127053618431,0.8235294222831726,-0.3142627338455434,preprocessed_DFD01_16,07_14__walk_down_hall_angry__P9QFO50U,fake,1
True,15,0.07571818679571152,0.12112206220626831,0.772549033164978,-0.4525161676037713,preprocessed_DFDC02_16,fndhijmzqg,real,0
True,15,0.013934552669525146,0.04659700393676758,0.8588235378265381,-0.35085465916500697,preprocessed_DFD01_16,01_20__secret_conversation__6UBMLXK3,fake,1
True,15,0.08086118847131729,0.12302922457456589,0.7137255072593689,-0.39859105609341344,preprocessed_DFDC02_16,zwswwwrefl,real,0
True,15,0.028532307595014572,0.06938856095075607,0.7450980544090271,-0.32589019821403864,preprocessed_DFD01_16,18_14__talking_against_wall__A5A1Q467,fake,1
True,15,0.029398677870631218,0.08175438642501831,0.886274516582489,-0.2671834337662095,preprocessed_DFD01_16,18_06__walking_down_street_outside_angry__UIQG2RF4,fake,1
True,15,0.016977638006210327,0.043046735227108,0.7098039388656616,-0.32849822129943124,preprocessed_DFD01_16,12_26__talking_against_wall__FWFQ5YB8,fake,1
True,15,0.015654491260647774,0.05236547067761421,0.7372549176216125,-0.4899982723856443,preprocessed_DFD01_16,15_02__podium_speech_happy__MZWH8ATN,fake,1
True,15,0.020138991996645927,0.07201769202947617,0.843137264251709,-0.5284536709435248,preprocessed_DFD01_16,21_09__podium_speech_happy__J7SQKGUR,fake,1
True,15,0.06550023704767227,0.10206110030412674,0.9137254953384399,-0.3013615990280582,preprocessed_DFDC02_16,dneleizoxr,fake,1
True,15,0.056211404502391815,0.08257688581943512,0.4901961088180542,-0.4163322484207469,preprocessed_DFDC02_16,bmljrhlhta,real,0
True,15,0.00663977162912488,0.020860007032752037,0.843137264251709,-0.24333833475462624,preprocessed_DFD01_16,10_23__exit_phone_room__W4BDINQ5,fake,1
True,15,0.0409039743244648,0.06533990055322647,0.698039174079895,-0.4842468591329007,preprocessed_DFDC02_16,pgybuuxxip,real,0
True,15,0.02595333941280842,0.07553277164697647,0.9098039269447327,-0.22852721215340627,preprocessed_DFD01_16,21_25__walking_down_street_outside_angry__NFBISHIN,fake,1
True,15,0.19002759456634521,0.2609207034111023,0.9490196108818054,-0.4365977167416984,preprocessed_DFD01_16,02_27__walking_and_outside_surprised__QW05XUUZ,fake,1
True,15,0.1318071484565735,0.18982520699501038,0.95686274766922,-0.451438505786546,preprocessed_DFDC02_16,bqiztwtgcu,real,0
True,15,0.07196693867444992,0.13937102258205414,0.886274516582489,-0.35796609581735384,preprocessed_DFDC02_16,daijlfwakh,fake,1
True,15,0.031547412276268005,0.09208393841981888,0.929411768913269,-0.35970055723450767,preprocessed_DFD01_16,03_11__kitchen_still__P08VGHTA,fake,1
True,15,0.06571335345506668,0.09514257311820984,0.6901960968971252,-0.42629911542774346,preprocessed_DFDC02_16,ztuezpjijn,real,0
True,15,0.045444659888744354,0.1089271754026413,0.8784313797950745,-0.1903809274597201,preprocessed_DFD01_16,25__walking_outside_cafe_disgusted,real,0
True,15,0.028891190886497498,0.08848559856414795,0.9254902005195618,-0.2923836944996952,preprocessed_DFD01_16,12_07__walking_outside_cafe_disgusted__KAG65PEE,fake,1
True,15,0.04015733674168587,0.07165051996707916,0.4392157196998596,-0.5412407509701201,preprocessed_DFDC02_16,ntyxnzblsp,real,0
True,15,0.07694695144891739,0.11832202225923538,0.8352941274642944,-0.46991522643289535,preprocessed_DFDC02_16,tectojecvs,real,0
True,15,0.049379341304302216,0.0785006731748581,0.3843137323856354,-0.5463255762167517,preprocessed_DFDC02_16,aofrdmqnya,fake,1
True,15,0.040869809687137604,0.08604105561971664,0.8313725590705872,-0.2554187998095924,preprocessed_DFDC02_16,dargqdtmnl,fake,1
True,15,0.053474798798561096,0.12965214252471924,0.9411764740943909,-0.31062005235367485,preprocessed_DFD01_16,08_17__outside_talking_still_laughing__JZYRLJ8T,fake,1
True,15,0.021336009725928307,0.07874538749456406,0.9019607901573181,-0.10221024426781292,preprocessed_DFD01_16,03_02__secret_conversation__GYX5OFTD,fake,1
True,15,0.02503669448196888,0.062004126608371735,0.7647058963775635,-0.3203901086581989,preprocessed_DFD01_16,18_25__talking_against_wall__SEGFKFJG,fake,1
True,15,0.16150157153606415,0.2633332312107086,1.0,-0.20109071237600387,preprocessed_DFD01_16,12_15__kitchen_pan__N0SRODQD,fake,1
True,15,0.10755191743373871,0.1683887094259262,0.6745098233222961,-0.3482696289353551,preprocessed_DFDC02_16,hlqychjycc,real,0
True,15,0.11930549889802933,0.1954854279756546,0.9529411792755127,-0.3040467577862957,preprocessed_DFD01_16,21_15__outside_talking_pan_laughing__87WSBJP3,fake,1
True,15,0.01940285414457321,0.05726560577750206,0.7019608020782471,-0.38337462573034076,preprocessed_DFD01_16,04_13__secret_conversation__00T3UYOR,fake,1
True,15,0.0314682200551033,0.09189271181821823,0.9137254953384399,-0.35960329363887705,preprocessed_DFD01_16,03_21__kitchen_still__V53E3RVB,fake,1
True,15,0.07625235617160797,0.10943807661533356,0.6470588445663452,-0.379573420019197,preprocessed_DFDC02_16,buqdzgvzwx,fake,1
True,15,0.11269467324018478,0.18504832684993744,0.9529411792755127,-0.34628835476474984,preprocessed_DFDC02_16,nduwcnqkvy,real,0
True,15,0.07181303203105927,0.139505997300148,0.95686274766922,-0.46106315913888435,preprocessed_DFD01_16,03_13__hugging_happy__GBYWJW06,fake,1
True,15,0.1354023814201355,0.23340219259262085,1.0,-0.28704337014667314,preprocessed_DFD01_16,26_18__kitchen_pan__C9VUQS9O,fake,1
True,15,0.042530328035354614,0.10494592785835266,0.929411768913269,-0.44268125442160505,preprocessed_DFD01_16,09_13__outside_talking_still_laughing__NDMHWBT1,fake,1
True,15,0.055705390870571136,0.08188433200120926,0.7137255072593689,-0.42636765439771845,preprocessed_DFDC02_16,bnjnsrammj,fake,1
True,15,0.12334076315164566,0.2089928537607193,0.9960784316062927,-0.340747283994303,preprocessed_DFD01_16,01_27__outside_talking_pan_laughing__S2YCUY48,fake,1
True,15,0.01985827088356018,0.07928784936666489,1.0,-0.29632915502563045,preprocessed_DFD01_16,24_22__walk_down_hall_angry__7E3GY85F,fake,1
True,15,0.06501267105340958,0.10082388669252396,0.7843137383460999,-0.356473425748134,preprocessed_DFDC02_16,coyzuzluob,real,0
True,15,0.027357252314686775,0.06709509342908859,0.8627451062202454,-0.36904035685679704,preprocessed_DFD01_16,07__kitchen_still,real,0
True,15,0.089345782995224,0.12930430471897125,0.6235294342041016,-0.4206009444567311,preprocessed_DFDC02_16,tohrqjyter,real,0
True,15,0.06973990797996521,0.1152646541595459,0.9921568632125854,-0.31231607943451184,preprocessed_DFDC02_16,wqdsarmger,real,0
True,15,0.05093216523528099,0.09843430668115616,0.7411764860153198,-0.2745578429240384,preprocessed_DFDC02_16,uuotyjxvod,real,0
True,15,0.019190233200788498,0.06351148337125778,0.8235294222831726,-0.37028726641392834,preprocessed_DFD01_16,14_07__secret_conversation__P9QFO50U,fake,1
True,15,0.0947749987244606,0.18474380671977997,0.9019607901573181,-0.4592429691126532,preprocessed_DFD01_16,13__hugging_happy,real,0
True,15,0.030268780887126923,0.04750160872936249,0.4000000059604645,-0.3177080655493477,preprocessed_DFDC02_16,chgqmwtbyf,fake,1
True,15,0.13642609119415283,0.23441074788570404,1.0,-0.25294470992936485,preprocessed_DFD01_16,26_03__kitchen_pan__WBSXBL82,fake,1
True,15,0.08867743611335754,0.1259136199951172,0.7254902124404907,-0.4039122454047025,preprocessed_DFDC02_16,aqtvsxelrj,fake,1
True,15,0.019504481926560402,0.06937575340270996,1.0,-0.12871596755180886,preprocessed_DFD01_16,02_06__walk_down_hall_angry__MKZTXQ2T,fake,1
True,15,0.027806852012872696,0.04688131436705589,0.3294117748737335,-0.31027630129811595,preprocessed_DFDC02_16,atuweqcvfa,fake,1
True,15,0.09494855999946594,0.13201123476028442,0.8274509906768799,-0.3612234352714961,preprocessed_DFDC02_16,dvvrufajch,fake,1
True,15,0.07693029940128326,0.1533356010913849,0.9411764740943909,-0.3536117719304846,preprocessed_DFD01_16,15_01__hugging_happy__02HILKYO,fake,1
True,15,0.03421495109796524,0.05535512790083885,0.43529412150382996,-0.34756932804115986,preprocessed_DFDC02_16,uwbpcdtmlb,real,0
True,15,0.013197616674005985,0.0523347333073616,0.9882352948188782,-0.30403979889566696,preprocessed_DFD01_16,15_02__exit_phone_room__I8G2LWD1,fake,1
True,15,0.03387250751256943,0.06679049134254456,0.8509804010391235,-0.2993979251505864,preprocessed_DFDC02_16,frwpjswdnr,real,0
True,15,0.017711881548166275,0.052986156195402145,0.8039215803146362,-0.3212276161325894,preprocessed_DFD01_16,15__walking_outside_cafe_disgusted,real,0
True,15,0.15070949494838715,0.24463649094104767,1.0,-0.25475967376492215,preprocessed_DFD01_16,19_23__kitchen_pan__H4SUVFTL,fake,1
True,15,0.08821827918291092,0.137306347489357,0.6509803533554077,-0.4683019464149435,preprocessed_DFDC02_16,cvuiocbcbz,real,0
True,15,0.15119700133800507,0.25091901421546936,1.0,-0.2565806514538875,preprocessed_DFD01_16,06__kitchen_pan,real,0
True,15,0.13151784241199493,0.20606516301631927,0.8313725590705872,-0.3425843053822934,preprocessed_DFDC02_16,qnxyrntvsj,real,0
True,15,0.08398432284593582,0.11750860512256622,0.6039215922355652,-0.5127419421489255,preprocessed_DFDC02_16,mzobgqyihz,real,0
True,15,0.024976465851068497,0.07059027999639511,0.8901960849761963,-0.3653160375522483,preprocessed_DFD01_16,21_11__walking_outside_cafe_disgusted__T7DK03O1,fake,1
True,15,0.019716639071702957,0.05256979167461395,0.8313725590705872,-0.4481209613514823,preprocessed_DFD01_16,04_15__talking_against_wall__7NW4Z6WZ,fake,1
True,15,0.11326983571052551,0.1680835634469986,0.7960784435272217,-0.33039649451090647,preprocessed_DFDC02_16,xfrswzqrmn,real,0
True,15,0.03179900720715523,0.08185767382383347,0.8980392217636108,-0.5083978802519932,preprocessed_DFD01_16,24_19__outside_talking_still_laughing__RKQTC50P,fake,1
True,15,0.04076331481337547,0.09955346584320068,0.9764705896377563,-0.3403080290996022,preprocessed_DFD01_16,18_26__kitchen_still__C9VUQS9O,fake,1
True,15,0.09790968894958496,0.1434839963912964,0.8352941274642944,-0.36431905448993035,preprocessed_DFDC02_16,ymkojzsvxz,real,0
True,15,0.020754529163241386,0.07674925774335861,0.9686274528503418,-0.23260842883435767,preprocessed_DFD01_16,06_02__exit_phone_room__J1W9R0NG,fake,1
True,15,0.10150045156478882,0.14622993767261505,0.7568627595901489,-0.43800378897400494,preprocessed_DFDC02_16,vdmyzrdarn,real,0
True,15,0.021142762154340744,0.07554584741592407,0.9372549057006836,-0.1151765642577705,preprocessed_DFD01_16,20_25__exit_phone_room__RSCD7KXO,fake,1
True,15,0.045063566416502,0.10971616953611374,0.7921568751335144,-0.4066526840224962,preprocessed_DFD01_16,17_05__hugging_happy__YTJYYDO9,fake,1
True,15,0.03021056205034256,0.0844525471329689,0.7882353067398071,0.05365866114738459,preprocessed_DFDC02_16,vbepzdvgku,real,0
True,15,0.04846516624093056,0.0882134661078453,0.6784313917160034,-0.5557914907109975,preprocessed_DFDC02_16,dwowalvgfk,fake,1
True,15,0.15646079182624817,0.22529013454914093,0.8823529481887817,-0.4022463447419586,preprocessed_DFDC02_16,uyrhbkmzat,real,0
True,15,0.11711354553699493,0.1905786395072937,0.9372549057006836,-0.3746959138663854,preprocessed_DFD01_16,04_15__outside_talking_pan_laughing__7NW4Z6WZ,fake,1
True,15,0.0794663205742836,0.1225082203745842,0.7647058963775635,-0.45352565620486146,preprocessed_DFDC02_16,ynyzjkvrxc,real,0
True,15,0.07362085580825806,0.120968759059906,0.7529411911964417,-0.406315712720554,preprocessed_DFDC02_16,ossoqigdyf,real,0
True,15,0.048151157796382904,0.10572144389152527,0.9137254953384399,-0.4037008984244101,preprocessed_DFD01_16,15_01__talking_angry_couch__02HILKYO,fake,1
True,15,0.10818074643611908,0.1627623587846756,0.9450980424880981,-0.43232603169993594,preprocessed_DFDC02_16,dffscprcuu,fake,1
True,15,0.06296905875205994,0.1037256121635437,0.5686274766921997,-0.3567923819760998,preprocessed_DFDC02_16,ciminikxsj,fake,1
True,15,0.12578676640987396,0.22066108882427216,1.0,-0.19061286920468978,preprocessed_DFD01_16,15_03__kitchen_pan__DG8ITQO3,fake,1
True,15,0.02099696919322014,0.07734246551990509,0.9607843160629272,-0.2405793635300896,preprocessed_DFD01_16,06_25__exit_phone_room__MI9BDQ7M,fake,1
True,15,0.030191341415047646,0.05327378213405609,0.40784314274787903,-0.2310347342327367,preprocessed_DFDC02_16,qwdktilbrk,real,0
True,15,0.019750764593482018,0.05854898691177368,0.7019608020782471,-0.4155324780547023,preprocessed_DFD01_16,04_21__secret_conversation__PRCQUMY8,fake,1
True,15,0.014433027245104313,0.03781658783555031,0.8156862854957581,-0.329362623174307,preprocessed_DFD01_16,15_03__kitchen_still__OY4I7ZU8,fake,1
True,15,0.09986796230077744,0.1451883465051651,0.7254902124404907,-0.3943810055586143,preprocessed_DFDC02_16,bykuvjnkuf,fake,1
True,15,0.0776476040482521,0.12008967250585556,0.800000011920929,-0.3403273374007075,preprocessed_DFDC02_16,uofwyzsldm,real,0
True,15,0.01944170705974102,0.046345412731170654,0.7372549176216125,-0.16319049182575437,preprocessed_DFDC02_16,qrssrcmzzq,real,0
True,15,0.02209010161459446,0.0547252856194973,0.8705882430076599,-0.3621376414238084,preprocessed_DFD01_16,13_09__walking_down_street_outside_angry__8YDMHH02,fake,1
True,15,0.06377183645963669,0.0908600315451622,0.4117647111415863,-0.42327676745427106,preprocessed_DFDC02_16,bfktkdugru,fake,1
True,15,0.0903034657239914,0.13548903167247772,0.7490196228027344,-0.41629711742546033,preprocessed_DFDC02_16,byloqytsws,fake,1
True,15,0.014195349998772144,0.05263425409793854,0.9686274528503418,-0.33360254137930695,preprocessed_DFD01_16,16_17__exit_phone_room__S7UMSIQV,fake,1
True,15,0.02289111353456974,0.08091776818037033,1.0,-0.34521814158081987,preprocessed_DFD01_16,14_27__exit_phone_room__0KSONKQ2,fake,1
True,15,0.01550219301134348,0.036896638572216034,0.6549019813537598,-0.4094917615338564,preprocessed_DFD01_16,22_10__talking_against_wall__X803B18R,fake,1
True,15,0.021569781005382538,0.07490478456020355,1.0,-0.30517563566341066,preprocessed_DFD01_16,08_05__walk_down_hall_angry__PRBCE28Z,fake,1
True,15,0.020220812410116196,0.08020239323377609,1.0,-0.18538082824577268,preprocessed_DFD01_16,21_20__walk_down_hall_angry__ZCB5OMEW,fake,1
True,15,0.048550039529800415,0.08022713661193848,0.9686274528503418,-0.2991059558134623,preprocessed_DFDC02_16,aoegtmsbnc,fake,1
True,15,0.17492321133613586,0.2612774670124054,0.9490196108818054,-0.518808885124596,preprocessed_DFD01_16,16__walking_down_indoor_hall_disgust,real,0
True,15,0.024102462455630302,0.0685306116938591,0.9450980424880981,-0.37004323419864676,preprocessed_DFD01_16,14_03__walking_down_street_outside_angry__L0GHYIFS,fake,1
True,15,0.04932989925146103,0.07257182896137238,0.7921568751335144,-0.32871837861321557,preprocessed_DFDC02_16,djjgzhluss,real,0
True,15,0.02868955209851265,0.0915490984916687,0.8823529481887817,-0.4092762269926298,preprocessed_DFD01_16,02_13__walking_outside_cafe_disgusted__CP5HFV3K,fake,1
True,15,0.0191840510815382,0.07046844810247421,1.0,-0.2665674476082854,preprocessed_DFD01_16,20_13__walk_down_hall_angry__HQHYKNGK,fake,1
True,15,0.04355578124523163,0.11103664338588715,0.9215686321258545,-0.4835532697057709,preprocessed_DFD01_16,21_03__outside_talking_still_laughing__V53E3RVB,fake,1
True,15,0.05872773006558418,0.08585707098245621,0.5647058486938477,-0.46255265096706666,preprocessed_DFDC02_16,bnynincvkz,fake,1
True,15,0.08675984293222427,0.1294340044260025,0.8666666746139526,-0.6507785961343456,preprocessed_DFDC02_16,cyvxriituc,fake,1
True,15,0.023508071899414062,0.07378720492124557,0.8235294222831726,-0.45069459777916465,preprocessed_DFD01_16,26_25__secret_conversation__0UFFR3U1,fake,1
True,15,0.028619997203350067,0.06951220333576202,0.7490196228027344,-0.325528982254864,preprocessed_DFD01_16,18_06__talking_against_wall__DEA1TCLN,fake,1
True,15,0.027582116425037384,0.08937866240739822,1.0,-0.34913812145139367,preprocessed_DFD01_16,03_15__exit_phone_room__5C1OMK8W,fake,1
True,15,0.032859161496162415,0.05906740948557854,0.9607843160629272,-0.16939007120481447,preprocessed_DFDC02_16,dureftqvsh,fake,1
True,15,0.03510972484946251,0.10928213596343994,0.9843137264251709,-0.4091203631696033,preprocessed_DFD01_16,01_20__outside_talking_still_laughing__OTGHOG4Z,fake,1
True,15,0.027706285938620567,0.09267007559537888,0.8745098114013672,-0.3685924816114859,preprocessed_DFD01_16,12_25__podium_speech_happy__3PS32GAH,fake,1
True,15,0.0318286195397377,0.10084182024002075,0.8666666746139526,-0.4320744676433823,preprocessed_DFD01_16,08_17__podium_speech_happy__ZCEYWYTC,fake,1
True,15,0.06433837115764618,0.10293345898389816,0.7803921699523926,-0.3710841740546021,preprocessed_DFDC02_16,csdqvhefzs,fake,1
True,15,0.08328079432249069,0.14474843442440033,0.7098039388656616,-0.3158614052388478,preprocessed_DFDC02_16,ijvprklcmz,real,0
True,15,0.10836727917194366,0.1823989897966385,0.8823529481887817,-0.2819109058990545,preprocessed_DFD01_16,26_25__outside_talking_pan_laughing__GJT740J9,fake,1
True,15,0.019496265798807144,0.06383942812681198,0.843137264251709,-0.438602638887481,preprocessed_DFD01_16,20_11__secret_conversation__B2H95QXV,fake,1
True,15,0.04519615322351456,0.0658382773399353,0.35686275362968445,-0.44122050990879086,preprocessed_DFDC02_16,cyomcqpgmy,fake,1
True,15,0.06436589360237122,0.13533225655555725,0.9215686321258545,-0.357502753365225,preprocessed_DFD01_16,16_28__hugging_happy__X5FNCYON,fake,1
True,15,0.04713015630841255,0.08901547640562057,0.4745098352432251,-0.45625234023983285,preprocessed_DFDC02_16,dgdxidiauq,fake,1
True,15,0.07241260260343552,0.10756931453943253,0.7921568751335144,-0.2995944053225431,preprocessed_DFDC02_16,pjpklcreot,real,0
True,15,0.13709665834903717,0.25070425868034363,1.0,-0.25926035869150404,preprocessed_DFD01_16,03_09__kitchen_pan__8DTEGQ54,fake,1
True,15,0.024642596021294594,0.07192610949277878,0.8117647171020508,-0.32463602685389475,preprocessed_DFD01_16,24_19__walking_down_street_outside_angry__59PN7WZ2,fake,1
True,15,0.02405635640025139,0.08389211446046829,0.9019607901573181,-0.35250923846247934,preprocessed_DFD01_16,27_25__walking_down_street_outside_angry__1KU29EUL,fake,1
True,15,0.035928718745708466,0.055365268141031265,0.3764706254005432,-0.3575775833235297,preprocessed_DFDC02_16,bujfknruqx,fake,1
True,15,0.03196118026971817,0.08198296278715134,0.9490196108818054,-0.5039875368853491,preprocessed_DFD01_16,24_19__outside_talking_still_laughing__NPZW2Z9L,fake,1
True,15,0.05235648155212402,0.08827491104602814,0.541176438331604,-0.41190809228661934,preprocessed_DFDC02_16,qawbflilul,real,0
True,15,0.05322572961449623,0.07953096926212311,0.3921568989753723,-0.32470560237401624,preprocessed_DFDC02_16,bugiwrwsfe,fake,1
True,15,0.05125846341252327,0.128343865275383,0.9450980424880981,-0.4536800502479789,preprocessed_DFD01_16,12_26__outside_talking_still_laughing__OTKIGGFE,fake,1
True,15,0.11785592883825302,0.19310398399829865,0.9921568632125854,-0.31957709192398587,preprocessed_DFD01_16,06_18__outside_talking_pan_laughing__DEA1TCLN,fake,1
True,15,0.023621782660484314,0.07278501242399216,0.9137254953384399,-0.3595409318839887,preprocessed_DFD01_16,01_04__walking_down_street_outside_angry__0XUW13RW,fake,1
True,15,0.0273123849183321,0.09148000925779343,0.8745098114013672,-0.39350354664168796,preprocessed_DFD01_16,12_13__podium_speech_happy__2TM4IFSF,fake,1
True,15,0.06840740889310837,0.10568632930517197,0.9490196108818054,-0.4449653019271685,preprocessed_DFDC02_16,duoisftrbn,fake,1
True,15,0.15465781092643738,0.23372811079025269,0.9411764740943909,-0.40907478516084383,preprocessed_DFD01_16,17_16__walking_down_indoor_hall_disgust__S7UMSIQV,fake,1
True,15,0.17909112572669983,0.2666965425014496,0.95686274766922,-0.474044000940903,preprocessed_DFD01_16,06_02__walking_down_indoor_hall_disgust__GH8TGTBS,fake,1
True,15,0.02102600783109665,0.03691970184445381,0.27450981736183167,-0.3962926512462242,preprocessed_DFDC02_16,aurgcztzed,fake,1
True,15,0.13712351024150848,0.2356947809457779,1.0,-0.2953617636748129,preprocessed_DFD01_16,26_20__kitchen_pan__C8GN41DU,fake,1
True,15,0.01570012792944908,0.03319510817527771,0.9529411792755127,-0.2568528012095398,preprocessed_DFDC02_16,mlfbccdtoy,real,0
True,15,0.04756121337413788,0.1094934418797493,0.843137264251709,-0.23987805314595942,preprocessed_DFD01_16,25_18__walking_outside_cafe_disgusted__SEGFKFJG,fake,1
True,15,0.024556651711463928,0.08359196037054062,1.0,-0.18842473736715534,preprocessed_DFD01_16,09_20__exit_phone_room__MKEWB4SM,fake,1
True,15,0.06945247203111649,0.10067777335643768,0.6078431606292725,-0.40160397974313383,preprocessed_DFDC02_16,dbrpqjttey,fake,1
True,15,0.1636640429496765,0.24050499498844147,0.9803921580314636,-0.4897809432211205,preprocessed_DFD01_16,15_06__walking_down_indoor_hall_disgust__QRCD27P8,fake,1
